<?xml version="1.0" encoding="utf-8" ?>
<items>
	<item>
		<title_1>SALE!</title_1>
		<title_5>SALE!</title_5>
		<text_1>50%</text_1>
		<url>index.php?id_product=3&amp;controller=product&amp;id_lang=1#</url>
		<img>slides/slide0.jpg</img>
	</item>

	<item>
		<title_1>SALE!</title_1>
		<text_1>30%</text_1>
		<url>index.php?id_product=3&amp;controller=product&amp;id_lang=1#</url>
		<youtube>wcLNteez3c4</youtube>
		<img>slides/slide1.jpg</img>
	</item>

	<item>
		<title_1>SALE!</title_1>
		<text_1>55%</text_1>
		<url>index.php?id_product=3&amp;controller=product&amp;id_lang=1#</url>
		<img>slides/slide2.jpg</img>
	</item>

	<item>
		<title_1>SALE!</title_1>
		<text_1>75%</text_1>
		<url>index.php?id_product=3&amp;controller=product&amp;id_lang=1#</url>
		<img>slides/slide3.jpg</img>
	</item>

	<item>
		<title_1>SALE!</title_1>
		<text_1>75%</text_1>
		<url>index.php?id_product=3&amp;controller=product&amp;id_lang=1#</url>
		<youtube>9O72RLP5fF4</youtube>
		<img>slides/slide4.jpg</img>
	</item>

	<item>
		<title_1>SALE!</title_1>
		<text_1>75%</text_1>
		<url>index.php?id_product=3&amp;controller=product&amp;id_lang=1#</url>
		<youtube>t4H_Zoh7G5A</youtube>
		<img>slides/slide5.jpg</img>
	</item>

	<item>
		<title_1>SALE!</title_1>
		<text_1>75%</text_1>
		<url>index.php?id_product=3&amp;controller=product&amp;id_lang=1#</url>
		<youtube>he2pxpZKl6w</youtube>
		<img>slides/slide6.jpg</img>
	</item>

</items>
